,coef,se,t,p,sig
log_complaints,4.0083382838422175,0.9732979555211368,4.11830545939657,5.309960613830711e-05,***
