{
  "descriptive": {
    "n_records": 81467,
    "n_resolved": 79243,
    "resolution_rate": 0.9727006026980249,
    "borough_counts": {
      "BRONX": 12167,
      "BROOKLYN": 30861,
      "MANHATTAN": 21411,
      "QUEENS": 14484,
      "STATEN ISLAND": 2544
    },
    "top_descriptors": {
      "Rat Sighting": 50636,
      "Condition Attracting Rodents": 14631,
      "Signs of Rodents": 10993,
      "Mouse Sighting": 5191,
      "Rodent Bite - PCS Only": 16
    },
    "mean_volume": 48.492261904761904,
    "mean_response_rate": 0.837945694934642,
    "mean_topic_concentration": 0.8833333333333333,
    "mean_recurrence_rate": 0.13092090507344498
  },
  "temporal": {
    "stl": {
      "trend_start": 3598.736111111109,
      "trend_end": 3276.576388888892,
      "seasonal_amplitude": 2463.8888888888896,
      "peak_month": "Aug",
      "trough_month": "Dec"
    },
    "anomalies": {
      "n_anomalies": 1,
      "dates": [
        "2023-08-01"
      ],
      "scores": [
        2.205833402918411
      ]
    },
    "changepoints": {
      "n_segments": 1,
      "n_breakpoints": 0,
      "breakpoint_dates": []
    }
  },
  "synthetic_control": {
    "treated_unit": "MANHATTAN 03",
    "donor_weights": {
      "BRONX 01": 0.39442219924869076,
      "BRONX 12": 0.20217241380279344,
      "BROOKLYN 01": 0.06512019105176796,
      "BROOKLYN 08": 0.10809609648584445,
      "MANHATTAN 11": 0.02617084551689497,
      "STATEN ISLAND 02": 0.20401900467132644
    },
    "counterfactual": [
      49.548718962126756,
      36.977442520666315,
      54.71212107443121,
      65.52392558733666,
      64.67313575943015,
      61.54939429216041,
      75.84738273048826,
      81.64780036839477,
      77.2927881219189,
      58.54422727121482,
      41.798830924326595,
      42.79134034313307,
      48.57379785549137,
      42.272287717621616,
      43.52935548911896,
      44.970617828036346,
      62.37387535175957,
      66.33722739839968,
      61.41647551663121,
      65.05217227033607,
      55.02928968758363,
      54.747409962745365,
      42.28017932793892,
      29.329651698889126
    ],
    "observed": [
      51.0,
      35.0,
      56.0,
      69.0,
      63.0,
      53.0,
      81.0,
      83.0,
      84.0,
      62.0,
      38.0,
      45.0,
      57.0,
      38.0,
      37.0,
      36.0,
      61.0,
      64.0,
      69.0,
      60.0,
      57.0,
      57.0,
      31.0,
      18.0
    ],
    "treatment_effect": [
      1.451281037873244,
      -1.9774425206663153,
      1.2878789255687906,
      3.476074412663337,
      -1.6731357594301528,
      -8.549394292160407,
      5.152617269511737,
      1.352199631605231,
      6.707211878081097,
      3.4557727287851776,
      -3.7988309243265945,
      2.208659656866928,
      8.426202144508629,
      -4.272287717621616,
      -6.529355489118963,
      -8.970617828036346,
      -1.3738753517595725,
      -2.3372273983996763,
      7.583524483368791,
      -5.052172270336072,
      1.9707103124163723,
      2.2525900372546346,
      -11.280179327938917,
      -11.329651698889126
    ],
    "att": -2.5989151232177137,
    "periods": [
      "2023-01",
      "2023-02",
      "2023-03",
      "2023-04",
      "2023-05",
      "2023-06",
      "2023-07",
      "2023-08",
      "2023-09",
      "2023-10",
      "2023-11",
      "2023-12",
      "2024-01",
      "2024-02",
      "2024-03",
      "2024-04",
      "2024-05",
      "2024-06",
      "2024-07",
      "2024-08",
      "2024-09",
      "2024-10",
      "2024-11",
      "2024-12"
    ],
    "pre_treatment_mspe": 24.38301950301204,
    "placebo_p_value": null,
    "model_summary": "Synthetic Control: MANHATTAN 03\nPre-treatment periods: 17\nPost-treatment periods: 7\nDonors used: 6\nPre-treatment MSPE: 24.383020\nATT: -2.5989"
  },
  "staggered_did": {
    "group_time_atts": [
      {
        "group": "2024-06",
        "period": "2023-01",
        "att": 14.55009107468124,
        "se": 12.233336125470842,
        "p_value": 0.23428998236947485
      },
      {
        "group": "2024-06",
        "period": "2023-02",
        "att": 15.435336976320585,
        "se": 12.690245923466982,
        "p_value": 0.2238649344246051
      },
      {
        "group": "2024-06",
        "period": "2023-03",
        "att": 14.586520947176687,
        "se": 11.867503174374562,
        "p_value": 0.21902885673801809
      },
      {
        "group": "2024-06",
        "period": "2023-04",
        "att": 18.087431693989068,
        "se": 15.929655057131118,
        "p_value": 0.25618406354270595
      },
      {
        "group": "2024-06",
        "period": "2023-05",
        "att": 17.987249544626593,
        "se": 14.528220716333129,
        "p_value": 0.2156825699638074
      },
      {
        "group": "2024-06",
        "period": "2023-06",
        "att": 10.275045537340624,
        "se": 14.642679831032703,
        "p_value": 0.48285446890862604
      },
      {
        "group": "2024-06",
        "period": "2023-07",
        "att": 6.522768670309652,
        "se": 15.55642732058533,
        "p_value": 0.6749988368266244
      },
      {
        "group": "2024-06",
        "period": "2023-08",
        "att": 15.424408014571952,
        "se": 18.03534715316415,
        "p_value": 0.3924226628090488
      },
      {
        "group": "2024-06",
        "period": "2023-09",
        "att": 20.089253187613835,
        "se": 14.969980489575635,
        "p_value": 0.17960597277523194
      },
      {
        "group": "2024-06",
        "period": "2023-10",
        "att": 5.517304189435336,
        "se": 13.143911608329415,
        "p_value": 0.6746599074474888
      },
      {
        "group": "2024-06",
        "period": "2023-11",
        "att": 17.75774134790528,
        "se": 13.529975518237121,
        "p_value": 0.18936024656907602
      },
      {
        "group": "2024-06",
        "period": "2023-12",
        "att": 11.329690346083787,
        "se": 12.29608345782902,
        "p_value": 0.3568382736393385
      },
      {
        "group": "2024-06",
        "period": "2024-01",
        "att": 4.224043715846989,
        "se": 12.394509873477555,
        "p_value": 0.7332544692980023
      },
      {
        "group": "2024-06",
        "period": "2024-02",
        "att": 0.703096539162118,
        "se": 11.017529935185463,
        "p_value": 0.9491166044514132
      },
      {
        "group": "2024-06",
        "period": "2024-03",
        "att": 2.300546448087431,
        "se": 11.39905727127613,
        "p_value": 0.8400582198752868
      },
      {
        "group": "2024-06",
        "period": "2024-04",
        "att": -7.220400728597454,
        "se": 12.648910367850535,
        "p_value": 0.5681136402713043
      },
      {
        "group": "2024-06",
        "period": "2024-05",
        "att": -2.673952641165755,
        "se": 15.643513438770153,
        "p_value": 0.8642784609252736
      },
      {
        "group": "2024-06",
        "period": "2024-06",
        "att": -5.326047358834245,
        "se": 14.830795047589012,
        "p_value": 0.7195047029486523
      },
      {
        "group": "2024-06",
        "period": "2024-07",
        "att": 0.9544626593806882,
        "se": 16.57913838440481,
        "p_value": 0.9540910666761191
      },
      {
        "group": "2024-06",
        "period": "2024-08",
        "att": -4.763205828779597,
        "se": 14.927434263856137,
        "p_value": 0.7496577163490104
      },
      {
        "group": "2024-06",
        "period": "2024-09",
        "att": 0.26229508196720985,
        "se": 15.466496518507956,
        "p_value": 0.9864693878966373
      },
      {
        "group": "2024-06",
        "period": "2024-10",
        "att": 7.382513661202189,
        "se": 13.927644658577941,
        "p_value": 0.5960690204538508
      },
      {
        "group": "2024-06",
        "period": "2024-11",
        "att": 4.020036429872491,
        "se": 8.883261351652573,